{
  "train_loss": [
    1.697100329399109,
    1.385162627696991,
    1.147439467906952,
    0.8377182930707932,
    0.5840480968356132,
    0.4381599187850952,
    0.33611591160297394,
    0.27785075455904007,
    0.2239433817565441,
    0.18781707547605037,
    0.18921000622212886,
    0.1445183027535677,
    0.13200966268777847,
    0.11797830909490585,
    0.10955042690038681,
    0.10778963007032871,
    0.10541455540806055,
    0.09933395870029926,
    0.0946346189826727,
    0.09940673243254423
  ],
  "val_intent_acc": [
    0.1875,
    0.21875,
    0.375,
    0.7291666716337204,
    0.6979166716337204,
    0.84375,
    0.84375,
    0.90625,
    0.875,
    0.875,
    0.90625,
    0.84375,
    0.90625,
    0.875,
    0.875,
    0.84375,
    0.84375,
    0.875,
    0.875,
    0.875
  ],
  "val_mode_acc": [
    0.3645833358168602,
    0.6145833358168602,
    0.6458333358168602,
    0.7395833358168602,
    0.7916666716337204,
    0.9166666716337204,
    0.8229166716337204,
    0.9166666716337204,
    0.9166666716337204,
    0.8854166716337204,
    0.9375,
    0.9375,
    0.9375,
    0.9375,
    0.96875,
    0.96875,
    0.96875,
    0.96875,
    0.9375,
    0.9375
  ],
  "val_slot_acc": [
    0.6381944417953491,
    0.6381944417953491,
    0.6381944417953491,
    0.6695075631141663,
    0.7173611223697662,
    0.7568812966346741,
    0.7694444507360458,
    0.7902146428823471,
    0.7964015156030655,
    0.7825757563114166,
    0.8102272748947144,
    0.8171717077493668,
    0.8089015185832977,
    0.8102272599935532,
    0.8241161555051804,
    0.8241161555051804,
    0.8303661644458771,
    0.8303661644458771,
    0.8303661644458771,
    0.8303661644458771
  ],
  "val_agg_acc": [
    0.4166666716337204,
    0.5520833358168602,
    0.84375,
    0.875,
    0.9375,
    1.0,
    0.9375,
    1.0,
    0.96875,
    0.96875,
    0.96875,
    0.9375,
    0.96875,
    0.96875,
    1.0,
    0.9375,
    1.0,
    0.9375,
    0.9375,
    0.9375
  ],
  "val_grp_acc": [
    0.6354166716337204,
    0.6354166716337204,
    0.6979166716337204,
    0.7916666716337204,
    0.9375,
    0.9375,
    0.96875,
    0.96875,
    0.96875,
    0.96875,
    0.96875,
    0.96875,
    0.96875,
    0.96875,
    0.96875,
    0.96875,
    0.96875,
    0.96875,
    0.96875,
    0.96875
  ],
  "val_rank_acc": [
    0.96875,
    0.96875,
    0.96875,
    0.96875,
    0.90625,
    0.96875,
    0.96875,
    0.96875,
    0.96875,
    0.96875,
    0.96875,
    0.96875,
    0.96875,
    0.96875,
    0.96875,
    0.96875,
    0.96875,
    0.96875,
    0.96875,
    0.96875
  ],
  "val_trend_acc": [
    0.9375,
    0.9375,
    0.9375,
    0.96875,
    0.96875,
    0.9375,
    0.96875,
    0.9375,
    0.9375,
    0.9375,
    0.9375,
    0.96875,
    0.96875,
    0.96875,
    0.96875,
    0.96875,
    0.96875,
    0.96875,
    0.96875,
    0.96875
  ]
}